{
  "model_path": "model/llava-v1.6-vicuna-7b",
  "random_seed": 42,
  "metrics": {
    "threshold_used": 0.5,
    "accuracy": 0.5,
    "balanced_accuracy": 0.5,
    "precision": 0.0,
    "recall": 0.0,
    "f1_score": 0.0,
    "roc_auc": 0.690767901234568,
    "pr_auc": 0.6965270997238234,
    "optimal_threshold": -0.00537644233640354,
    "optimal_accuracy": 0.6161111111111112,
    "optimal_balanced_accuracy": 0.616111111111111,
    "optimal_precision": 0.5710401087695445,
    "optimal_recall": 0.9333333333333333,
    "optimal_f1_score": 0.7085617835649769
  },
  "method": "GradSafe",
  "benchmark": "Vision-Language Safety Benchmark"
}